Bay Port High School,4
United States,4
"Raleigh, NC",4
"Las Vegas, NV",3
"Rancho Mirage, CA",2
"Bargersville, IN",2
"Callahan, FL",2
"Louisiana, USA",2
"Utah, USA",2
North Central US - Minnesota,2
"Atlanta, GA",2
"Queens,NY",2
HARRISONBURG,2
Earth,2
"Westfield, MA",2
"Daytona Beach, FL",2
"Atlanta, Georgia",2
Cortland iL,2
"Mount Airy, North Carolina",2
"Knoxville, TN",2
Petaluma Grown. Valentina‚Äôs üè∞,2
"Chicago, IL",2
"Delaware County, PA",2
"Virginia, USA",2
"Manhattan, NY. rajiv@rajiv.com",2
"Dallas, Texas",2
"Pittsburgh, PA",2
"New York, NY",2
abilene tx,2
"Lewisburg, PA",2
318,2
"New York, USA",2
"Portland, OR",2
"Murray, KY",2
"Folcroft, PA",2
"Minnesota, USA",2
"Tupelo, MS",2
Coast to Coast,2
Fort Worth,2
"Missouri, USA",1
"Grand Haven, MI",1
Colga. üìç,1
"Allentown, PA, USA",1
"West Liberty, Kentucky",1
"Biloxi, MS",1
"Benz World, VA via Detroit",1
"Rosharon, Tx",1
Chicago,1
#GLPPü§üüèΩ#RIHE‚ù§Ô∏è,1
"Lumberton, NC",1
"Oklahoma City, OK",1
"Redwood City, CA",1
"Fayetteville, AR",1
"Austin, TX",1
"San Antonio, TX",1
"Barnesville, Georgia",1
